<?xml version="1.0" encoding="utf-8"?><!--Generated by ILIAS XmlWriter--><surveyobject xmlns:xsi="http://www.w3.org/2001/XMLSchema-instance" xsi:noNamespaceSchemaLocation="http://www.ilias.de/download/xsd/ilias_survey_4_2.xsd"><survey id="5887" title="Übungsevaluation 1 (Mitte der Vorlesungszeit)"><description></description><author>Jakob Bach</author><objectives><material label="introduction"><mattext type="text/xhtml">&lt;p&gt;Diese Umfrage dient dazu, eure Zufriedenheit mit der AGD-Übung zu evaluieren und Verbesserungspotentiale aufzudecken. Die Umfrage bezieht sich auf die Übung insgesamt, also den Übungs-bezogene Teil des Diskussionsforums, Online-Tests, Code-Aufgaben inklusive Peer Feedback, Theorieaufgaben und Übungssitzungen. Die meisten Fragen sind optional, d.h. ihr müsst euch nicht irgendeine Bewertung ausdenken, wenn ihr zu einem Punkt keine Meinung habt.&lt;/p&gt;&#13;&#10;&lt;p&gt;Die Umfrage ist anonymisiert.&lt;/p&gt;</mattext></material><material label="outro"><mattext type="text/xhtml">&lt;p&gt;Danke für die Teilnahme! Je nach Möglichkeit werden wir die Vorschläge noch im Laufe dieses Semesters berücksichtigen, ansonsten profitieren erst eure Nachfolger:innen davon.&lt;/p&gt;</mattext></material></objectives><anonymisation enabled="1"/><restrictions><access type="free"/><startingtime type="date">2020-12-08T10:00:00</startingtime><endingtime type="date">2020-12-13T23:55:00</endingtime></restrictions><metadata><metadatafield><fieldlabel>evaluation_access</fieldlabel><fieldentry>0</fieldentry></metadatafield><metadatafield><fieldlabel>status</fieldlabel><fieldentry/></metadatafield><metadatafield><fieldlabel>display_question_titles</fieldlabel><fieldentry>1</fieldentry></metadatafield><metadatafield><fieldlabel>pool_usage</fieldlabel><fieldentry>0</fieldentry></metadatafield><metadatafield><fieldlabel>own_results_view</fieldlabel><fieldentry>0</fieldentry></metadatafield><metadatafield><fieldlabel>own_results_mail</fieldlabel><fieldentry>0</fieldentry></metadatafield><metadatafield><fieldlabel>confirmation_mail</fieldlabel><fieldentry>0</fieldentry></metadatafield><metadatafield><fieldlabel>anon_user_list</fieldlabel><fieldentry>0</fieldentry></metadatafield><metadatafield><fieldlabel>mode</fieldlabel><fieldentry>0</fieldentry></metadatafield><metadatafield><fieldlabel>mode_360_self_eval</fieldlabel><fieldentry>0</fieldentry></metadatafield><metadatafield><fieldlabel>mode_360_self_rate</fieldlabel><fieldentry>0</fieldentry></metadatafield><metadatafield><fieldlabel>mode_360_self_appr</fieldlabel><fieldentry>0</fieldentry></metadatafield><metadatafield><fieldlabel>mode_360_results</fieldlabel><fieldentry>0</fieldentry></metadatafield><metadatafield><fieldlabel>mode_skill_service</fieldlabel><fieldentry>0</fieldentry></metadatafield><metadatafield><fieldlabel>mode_self_eval_results</fieldlabel><fieldentry>1</fieldentry></metadatafield><metadatafield><fieldlabel>SCORM</fieldlabel><fieldentry>&#10;&lt;MetaData&gt;&#10;  &lt;General Structure=&quot;Hierarchical&quot;&gt;&#10;    &lt;Identifier Catalog=&quot;ILIAS&quot; Entry=&quot;il__svy_1771720&quot;/&gt;&#10;    &lt;Title Language=&quot;de&quot;&gt;&#10;      Übungsevaluation 1 (Mitte der Vorlesungszeit)&#10;    &lt;/Title&gt;&#10;    &lt;Language Language=&quot;de&quot;/&gt;&#10;    &lt;Description Language=&quot;de&quot;&gt;&#10;    &lt;/Description&gt;&#10;    &lt;Keyword Language=&quot;de&quot;/&gt;&#10;  &lt;/General&gt;&#10;  &lt;Lifecycle Status=&quot;Draft&quot;&gt;&#10;    &lt;Version Language=&quot;en&quot;/&gt;&#10;    &lt;Contribute Role=&quot;Author&quot;&gt;&#10;      &lt;Entity&gt;&#10;        Jakob Bach&#10;      &lt;/Entity&gt;&#10;      &lt;Date/&gt;&#10;    &lt;/Contribute&gt;&#10;  &lt;/Lifecycle&gt;&#10;&lt;/MetaData&gt;</fieldentry></metadatafield></metadata></survey><surveyquestions id="1771720"><questionblock showQuestiontext="1" showBlocktitle=""><questionblocktitle>Alle Fragen</questionblocktitle><question id="43567" title="Studiengang" type="SurveySingleChoiceQuestion" obligatory="1"><description/><author>Jakob Bach</author><questiontext><material><mattext type="text/xhtml">&lt;p&gt;Ich studiere ...&lt;/p&gt;</mattext></material></questiontext><responses><response_single id="0" other="0" neutral="0" scale="1"><material><mattext type="text/plain">Informatik.</mattext></material></response_single><response_single id="1" other="0" neutral="0" scale="2"><material><mattext type="text/plain">Wirtschaftsinformatik / Informationswirtschaft.</mattext></material></response_single><response_single id="2" other="0" neutral="0" scale="3"><material><mattext type="text/plain">ein anderes Studienfach.</mattext></material></response_single></responses><metadata><metadatafield><fieldlabel>orientation</fieldlabel><fieldentry>0</fieldentry></metadatafield></metadata></question><question id="43568" title="Studienabschnitt" type="SurveySingleChoiceQuestion" obligatory="1"><description/><author>Jakob Bach</author><questiontext><material><mattext type="text/xhtml">&lt;p&gt;Ich befinde mich ...&lt;/p&gt;</mattext></material></questiontext><responses><response_single id="0" other="0" neutral="0" scale="1"><material><mattext type="text/plain">im Bachelor.</mattext></material></response_single><response_single id="1" other="0" neutral="0" scale="2"><material><mattext type="text/plain">im Master.</mattext></material></response_single><response_single id="2" other="0" neutral="0" scale="3"><material><mattext type="text/plain">in einem anderen Studienabschnitt.</mattext></material></response_single></responses><metadata><metadatafield><fieldlabel>orientation</fieldlabel><fieldentry>0</fieldentry></metadatafield></metadata></question><question id="43623" title="Übungsziele" type="SurveyMetricQuestion" subtype="3" obligatory="0"><description/><author>Jakob Bach</author><questiontext><material><mattext type="text/xhtml">&lt;p&gt;Die Ziele der Übung sind mir klar (1 = völlig unklar, 5 = völlig klar):&lt;/p&gt;</mattext></material></questiontext><responses><response_num id="0" format="double" min="1" max="5"></response_num></responses></question><question id="43571" title="Vorlesungsbezug" type="SurveyMetricQuestion" subtype="3" obligatory="0"><description/><author>Jakob Bach</author><questiontext><material><mattext type="text/xhtml">&lt;p&gt;Die Übung unterstützt mich beim Lernen des Vorlesungsstoffs (1 = gar nicht, 5 = sehr stark).&lt;/p&gt;</mattext></material></questiontext><responses><response_num id="0" format="double" min="1" max="5"></response_num></responses></question><question id="43572" title="Prüfungsbezug" type="SurveyMetricQuestion" subtype="3" obligatory="0"><description/><author>Jakob Bach</author><questiontext><material><mattext type="text/xhtml">&lt;p&gt;Die Übung unterstützt mich bei der Prüfungsvorbereitung (1 = gar nicht, 5 = sehr stark).&lt;/p&gt;</mattext></material></questiontext><responses><response_num id="0" format="double" min="1" max="5"></response_num></responses></question><question id="43576" title="Praxisbezug" type="SurveyMetricQuestion" subtype="3" obligatory="0"><description/><author>Jakob Bach</author><questiontext><material><mattext type="text/xhtml">&lt;p&gt;Die Übung unterstützt mich beim Lernen praxisrelevanter Kenntnisse (1 = gar nicht, 5 = sehr stark).&lt;/p&gt;</mattext></material></questiontext><responses><response_num id="0" format="double" min="1" max="5"></response_num></responses></question><question id="43577" title="Programmierbezug" type="SurveyMetricQuestion" subtype="3" obligatory="0"><description/><author>Jakob Bach</author><questiontext><material><mattext type="text/xhtml">&lt;p&gt;Ich habe Interesse daran, den Stoff mit Programmieraufgaben zu üben (1 = gar nicht, 5 = sehr stark).&lt;/p&gt;</mattext></material></questiontext><responses><response_num id="0" format="double" min="1" max="5"></response_num></responses></question><question id="43617" title="Übungselemente - Bewertung" type="SurveyMatrixQuestion" subtype="0" obligatory="0"><description/><author>Jakob Bach</author><questiontext><material><mattext type="text/xhtml">&lt;p&gt;So zufrieden bin ich mit verschiedenen Übungselementen (1 = sehr unzufrieden, 5 = sehr zufrieden):&lt;/p&gt;</mattext></material></questiontext><matrix><matrixrows><matrixrow id="0"><material><mattext type="text/plain">Online-Tests</mattext></material></matrixrow><matrixrow id="1"><material><mattext type="text/plain">Code-Aufgaben</mattext></material></matrixrow><matrixrow id="2"><material><mattext type="text/plain">Peer-Feedback</mattext></material></matrixrow><matrixrow id="3"><material><mattext type="text/plain">Musterlösungen (Videos)</mattext></material></matrixrow><matrixrow id="4"><material><mattext type="text/plain">Musterlösungen (Code)</mattext></material></matrixrow><matrixrow id="5"><material><mattext type="text/plain">Übungssitzungen</mattext></material></matrixrow><matrixrow id="6"><material><mattext type="text/plain">Forum</mattext></material></matrixrow><matrixrow id="7"><material><mattext type="text/plain">Übungsleiter (= Jakob)</mattext></material></matrixrow></matrixrows><responses><response_single id="0"><material><mattext type="text/plain">1</mattext></material></response_single><response_single id="1"><material><mattext type="text/plain">2</mattext></material></response_single><response_single id="2"><material><mattext type="text/plain">3</mattext></material></response_single><response_single id="3"><material><mattext type="text/plain">4</mattext></material></response_single><response_single id="4"><material><mattext type="text/plain">5</mattext></material></response_single><response_single id="5" label="neutral"><material><mattext type="text/plain">Nutze ich nicht</mattext></material></response_single></responses></matrix><metadata><metadatafield><fieldlabel>column_separators</fieldlabel><fieldentry>1</fieldentry></metadatafield><metadatafield><fieldlabel>row_separators</fieldlabel><fieldentry>0</fieldentry></metadatafield><metadatafield><fieldlabel>neutral_column_separator</fieldlabel><fieldentry>0</fieldentry></metadatafield><metadatafield><fieldlabel>layout</fieldlabel><fieldentry>a:5:{s:11:&quot;percent_row&quot;;i:30;s:15:&quot;percent_columns&quot;;i:70;s:26:&quot;percent_bipolar_adjective1&quot;;i:0;s:26:&quot;percent_bipolar_adjective2&quot;;i:0;s:15:&quot;percent_neutral&quot;;i:0;}</fieldentry></metadatafield></metadata></question><question id="43622" title="Übungselemente - Verbesserung" type="SurveyTextQuestion" obligatory="0"><description/><author>Jakob Bach</author><questiontext><material><mattext type="text/xhtml">&lt;p&gt;Einzelne Übungselemente (Online-Tests, Code-Aufgaben, Peer-Feedback, Musterlösungen, Übungssitzungen, Forum) wären für mich attraktiver (ich würde sie mehr/besser nutzen), wenn ... (gerne auch zu mehreren Elementen Feedback geben)&lt;/p&gt;</mattext></material></questiontext><responses><response_text id="0" rows="10" columns="80"/></responses></question><question id="43624" title="Übungsstruktur - Bewertung" type="SurveyMetricQuestion" subtype="3" obligatory="0"><description/><author>Jakob Bach</author><questiontext><material><mattext type="text/xhtml">&lt;p&gt;Wie ist die Übung insgesamt strukturiert? (1 = sehr schlecht, 5 = sehr gut)&lt;/p&gt;</mattext></material></questiontext><responses><response_num id="0" format="double" min="1" max="5"></response_num></responses></question><question id="43625" title="Übungsstruktur - Verbesserung" type="SurveyTextQuestion" obligatory="0"><description/><author>Jakob Bach</author><questiontext><material><mattext type="text/xhtml">&lt;p&gt;Folgendes kann an der Übungsstruktur verbessert werden:&lt;/p&gt;</mattext></material></questiontext><responses><response_text id="0" rows="10" columns="80"/></responses></question><question id="43618" title="Arbeitsaufwand - Zeit" type="SurveyMetricQuestion" subtype="4" obligatory="0"><description/><author>Jakob Bach</author><questiontext><material><mattext type="text/xhtml">&lt;p&gt;So viel Zeit (in Stunden) verwende ich pro Woche durchschnittlich für die Übung:&lt;/p&gt;</mattext></material></questiontext><responses><response_num id="0" format="double" min="0"></response_num></responses></question><question id="43620" title="Arbeitsaufwand - Angemessenheit" type="SurveyMetricQuestion" subtype="3" obligatory="0"><description/><author>Jakob Bach</author><questiontext><material><mattext type="text/xhtml">&lt;p&gt;Der Arbeitsaufwand für die Übung ist angemessen (1 = unangemessen, 5 = angemessen):&lt;/p&gt;</mattext></material></questiontext><responses><response_num id="0" format="double" min="1" max="5"></response_num></responses></question><question id="43621" title="Arbeitsaufwand - Verbesserung" type="SurveyTextQuestion" obligatory="0"><description/><author>Jakob Bach</author><questiontext><material><mattext type="text/xhtml">&lt;p&gt;Durch folgende(n) Veränderung(en) wäre der Arbeitsaufwand bzgl. der Übung für mich angemessener und/oder ich würde mehr Zeit in die Übung investieren:&lt;/p&gt;</mattext></material></questiontext><responses><response_text id="0" rows="10" columns="80"/></responses></question><question id="43626" title="Arbeitsaufwand - Zeit (Vorlesung)" type="SurveyMetricQuestion" subtype="4" obligatory="0"><description/><author>Jakob Bach</author><questiontext><material><mattext type="text/xhtml">&lt;p&gt;So viel Zeit (in Stunden) verwende ich pro Woche durchschnittlich für die AGD-Vorlesung ohne Übung:&lt;/p&gt;</mattext></material></questiontext><responses><response_num id="0" format="double" min="0"></response_num></responses></question><question id="43638" title="Gesamteinschätzung - Zufriedenheit" type="SurveyMetricQuestion" subtype="3" obligatory="0"><description/><author>Jakob Bach</author><questiontext><material><mattext type="text/xhtml">&lt;p&gt;Mit der Übung bin ich insgesamt zufrieden (1= sehr unzufrieden, 5 = sehr zufrieden).&lt;/p&gt;</mattext></material></questiontext><responses><response_num id="0" format="double" min="1" max="5"></response_num></responses></question><question id="43578" title="Gesamteinschätzung - positive Aspekte" type="SurveyTextQuestion" obligatory="0"><description/><author>Jakob Bach</author><questiontext><material><mattext type="text/xhtml">&lt;p&gt;Durch diese Dinge unterstützt mich die Übung in meinem Lernprozess besonders:&lt;/p&gt;</mattext></material></questiontext><responses><response_text id="0" rows="10" columns="80"/></responses></question><question id="43579" title="Gesamteinschätzung - negative Aspekte" type="SurveyTextQuestion" obligatory="0"><description/><author>Jakob Bach</author><questiontext><material><mattext type="text/xhtml">&lt;p&gt;Durch diese Dinge hindert/beschränkt mich die Übung in meinem Lernprozess besonders:&lt;/p&gt;</mattext></material></questiontext><responses><response_text id="0" rows="10" columns="80"/></responses></question><question id="43580" title="Gesamteinschätzung - Verbesserung" type="SurveyTextQuestion" obligatory="0"><description/><author>Jakob Bach</author><questiontext><material><mattext type="text/xhtml">&lt;p&gt;Durch folgende Veränderungen würde mich die Übung in meinem Lernprozess besser unterstützen:&lt;/p&gt;</mattext></material></questiontext><responses><response_text id="0" rows="10" columns="80"/></responses></question></questionblock></surveyquestions></surveyobject>